檔案路徑,函式名稱,round1,round2,round3,round4,round5,QueryTimes
python/packages/agbench/src/agbench/linter/_base.py,__hash__,0,0,0,1 (Bandit),#,4
python/packages/autogen-core/src/autogen_core/utils/_json_to_pydantic.py,_get_item_model_name,1 (Bandit),#,#,#,#,1
python/packages/autogen-ext/src/autogen_ext/agents/web_surfer/_multimodal_web_surfer.py,_execute_tool,1 (Bandit),#,#,#,#,1
python/packages/autogen-ext/src/autogen_ext/code_executors/docker/_docker_code_executor.py,_execute_code_dont_check_setup,0,0,0,0,0,All-Safe
python/packages/autogen-ext/src/autogen_ext/code_executors/local/__init__.py,_execute_code_dont_check_setup,0,0,0,0,0,All-Safe
python/packages/autogen-ext/src/autogen_ext/experimental/task_centric_memory/utils/_functions.py,hash_directory,0,0,0,0,0,All-Safe
python/packages/autogen-ext/src/autogen_ext/models/cache/_chat_completion_cache.py,_check_cache,1 (Bandit),#,#,#,#,1
python/packages/autogen-studio/autogenstudio/web/auth/manager.py,authenticate_request,0,0,0,0,0,All-Safe
python/packages/autogen-studio/autogenstudio/web/auth/wsauth.py,authenticate,0,0,0,0,0,All-Safe
